,Probe_Id,module,Gene_symbol.y,NETWORK
22,ILMN_1656962,blue,RPS15,GR_DE_p
23,ILMN_1657204,blue,SAE1,GR_DE_p
25,ILMN_1657515,blue,RPS6KA5,GR_DE_p
70,ILMN_1665797,blue,CSE1L,GR_DE_p
74,ILMN_1667125,blue,RPS6KL1,GR_DE_p
99,ILMN_1671374,blue,C19orf53,GR_DE_p
101,ILMN_1671731,blue,AVPI1,GR_DE_p
109,ILMN_1672496,blue,DNAJA1,GR_DE_p
115,ILMN_1673604,blue,YIPF3,GR_DE_p
130,ILMN_1675124,blue,DDX17,GR_DE_p
141,ILMN_1676302,blue,FAM113A,GR_DE_p
160,ILMN_1678037,blue,HIRIP3,GR_DE_p
174,ILMN_1680644,blue,MIOS,GR_DE_p
190,ILMN_1685493,blue,TMCC3,GR_DE_p
236,ILMN_1694587,blue,EEF1B2,GR_DE_p
246,ILMN_1696407,blue,SRSF2,GR_DE_p
263,ILMN_1700044,blue,SAP130,GR_DE_p
279,ILMN_1701749,blue,UQCRFS1,GR_DE_p
280,ILMN_1701933,blue,SNCA,GR_DE_p
287,ILMN_1704236,blue,MAX,GR_DE_p
290,ILMN_1704795,blue,MARK3,GR_DE_p
296,ILMN_1706275,blue,C8orf33,GR_DE_p
300,ILMN_1706539,blue,KDM3B,GR_DE_p
304,ILMN_1708159,blue,PICK1,GR_DE_p
332,ILMN_1711270,blue,SUGP2,GR_DE_p
359,ILMN_1716080,blue,CBL,GR_DE_p
363,ILMN_1717326,blue,SLC29A3,GR_DE_p
367,ILMN_1718069,blue,MIS12,GR_DE_p
389,ILMN_1721035,blue,MS4A6A,GR_DE_p
409,ILMN_1724753,blue,NIN,GR_DE_p
421,ILMN_1726839,blue,DCUN1D5,GR_DE_p
430,ILMN_1730048,blue,C7orf26,GR_DE_p
435,ILMN_1731275,blue,DPEP3,GR_DE_p
445,ILMN_1733288,blue,C1RL,GR_DE_p
453,ILMN_1735474,blue,R3HCC1,GR_DE_p
455,ILMN_1735955,blue,RPL23AP7,GR_DE_p
489,ILMN_1741942,blue,STX16,GR_DE_p
495,ILMN_1744212,blue,INPP5D,GR_DE_p
502,ILMN_1745852,blue,WDR33,GR_DE_p
503,ILMN_1745887,blue,FBXO21,GR_DE_p
558,ILMN_1756311,blue,UFSP2,GR_DE_p
560,ILMN_1756982,blue,CLIC1,GR_DE_p
570,ILMN_1759419,blue,ILVBL,GR_DE_p
578,ILMN_1762327,blue,DHRS12,GR_DE_p
603,ILMN_1767481,blue,XRCC6BP1,GR_DE_p
604,ILMN_1767514,blue,ZC3H11A,GR_DE_p
607,ILMN_1767661,blue,LOC100129269,GR_DE_p
611,ILMN_1769245,blue,GLIPR1,GR_DE_p
623,ILMN_1771139,blue,FBXO31,GR_DE_p
638,ILMN_1774604,blue,PNKD,GR_DE_p
647,ILMN_1776104,blue,NDUFS5,GR_DE_p
649,ILMN_1777915,blue,STX6,GR_DE_p
659,ILMN_1780699,blue,THAP11,GR_DE_p
660,ILMN_1780773,blue,LOC400027,GR_DE_p
662,ILMN_1780806,blue,ANKRD36B,GR_DE_p
671,ILMN_1782419,blue,GNG11,GR_DE_p
691,ILMN_1788002,blue,MAPK14,GR_DE_p
714,ILMN_1790202,blue,C1orf35,GR_DE_p
736,ILMN_1795949,blue,CORO7,GR_DE_p
744,ILMN_1796738,blue,SPAST,GR_DE_p
762,ILMN_1798204,blue,IL21R,GR_DE_p
785,ILMN_1805007,blue,SEMA4F,GR_DE_p
787,ILMN_1805192,blue,ITPRIP,GR_DE_p
788,ILMN_1805737,blue,PFKP,GR_DE_p
797,ILMN_1808905,blue,AKAP3,GR_DE_p
798,ILMN_1809027,blue,ATP5SL,GR_DE_p
801,ILMN_1810254,blue,MEI1,GR_DE_p
810,ILMN_1811624,blue,THADA,GR_DE_p
822,ILMN_1815063,blue,PXK,GR_DE_p
823,ILMN_1815086,blue,NINJ1,GR_DE_p
867,ILMN_2091084,blue,C8orf37,GR_DE_p
873,ILMN_2098013,blue,CETP,GR_DE_p
880,ILMN_2116366,blue,RPL12,GR_DE_p
882,ILMN_2121816,blue,GPR137B,GR_DE_p
883,ILMN_2124082,blue,PPP2R5B,GR_DE_p
921,ILMN_2218277,blue,RPS2,GR_DE_p
928,ILMN_2222984,blue,"RDH14,NT5C1B-RDH14",GR_DE_p
937,ILMN_2234412,blue,TLE3,GR_DE_p
969,ILMN_2327276,blue,STAU1,GR_DE_p
986,ILMN_2338323,blue,CDC25B,GR_DE_p
996,ILMN_2344204,blue,PRR13,GR_DE_p
1025,ILMN_2367469,blue,CARS,GR_DE_p
1029,ILMN_2372413,blue,BID,GR_DE_p
1031,ILMN_2374249,blue,DYRK2,GR_DE_p
1033,ILMN_2374352,blue,DBNDD1,GR_DE_p
1049,ILMN_2391976,blue,SLC45A4,GR_DE_p
1051,ILMN_2394210,blue,SLC26A8,GR_DE_p
1068,ILMN_2402936,blue,"H3F3AP4,H3F3A",GR_DE_p
5,ILMN_1653498,brown,IGSF6,GR_DE_p
45,ILMN_1661306,brown,RPL29,GR_DE_p
63,ILMN_1664233,brown,TMC6,GR_DE_p
65,ILMN_1665049,brown,SPG11,GR_DE_p
86,ILMN_1668683,brown,MLL,GR_DE_p
87,ILMN_1668721,brown,CCND3,GR_DE_p
90,ILMN_1670302,brown,HK3,GR_DE_p
112,ILMN_1672878,brown,ABR,GR_DE_p
123,ILMN_1674402,brown,TMEM71,GR_DE_p
124,ILMN_1674506,brown,MED23,GR_DE_p
126,ILMN_1674665,brown,CPNE2,GR_DE_p
165,ILMN_1679267,brown,TGM2,GR_DE_p
171,ILMN_1679800,brown,BRIX1,GR_DE_p
188,ILMN_1684746,brown,IPO11,GR_DE_p
208,ILMN_1687958,brown,SLC25A22,GR_DE_p
213,ILMN_1689445,brown,POLR2H,GR_DE_p
222,ILMN_1691578,brown,GTF3C6,GR_DE_p
237,ILMN_1695110,brown,BCAT2,GR_DE_p
245,ILMN_1696190,brown,STRN4,GR_DE_p
251,ILMN_1696911,brown,FTH1,GR_DE_p
258,ILMN_1699253,brown,VDAC2,GR_DE_p
270,ILMN_1701052,brown,TUBG2,GR_DE_p
381,ILMN_1720024,brown,IL11RA,GR_DE_p
387,ILMN_1720542,brown,POLR2I,GR_DE_p
397,ILMN_1722491,brown,APRT,GR_DE_p
405,ILMN_1724333,brown,TOR1B,GR_DE_p
424,ILMN_1727389,brown,CDC16,GR_DE_p
429,ILMN_1729051,brown,MSH6,GR_DE_p
444,ILMN_1732767,brown,PSMD9,GR_DE_p
456,ILMN_1736242,brown,PLEKHG4,GR_DE_p
457,ILMN_1736340,brown,ANGEL2,GR_DE_p
468,ILMN_1737813,brown,ERI3,GR_DE_p
490,ILMN_1742124,brown,FAM190B,GR_DE_p
491,ILMN_1742260,brown,SSFA2,GR_DE_p
500,ILMN_1744623,brown,SPDYE7P,GR_DE_p
536,ILMN_1750518,brown,THOC4,GR_DE_p
537,ILMN_1751034,brown,ITPRIPL2,GR_DE_p
544,ILMN_1752269,brown,ACSS1,GR_DE_p
548,ILMN_1753518,brown,ITGAX,GR_DE_p
563,ILMN_1757732,brown,OSGIN2,GR_DE_p
569,ILMN_1759341,brown,MAN2B1,GR_DE_p
596,ILMN_1765547,brown,IRF2,GR_DE_p
620,ILMN_1770787,brown,DDAH2,GR_DE_p
630,ILMN_1772627,brown,D4S234E,GR_DE_p
634,ILMN_1772824,brown,WNT5B,GR_DE_p
673,ILMN_1783023,brown,C5orf51,GR_DE_p
680,ILMN_1784380,brown,DTX3L,GR_DE_p
689,ILMN_1787109,brown,CLK2,GR_DE_p
692,ILMN_1788538,brown,NCALD,GR_DE_p
715,ILMN_1791328,brown,STK39,GR_DE_p
745,ILMN_1796962,brown,PPP3R1,GR_DE_p
750,ILMN_1797191,brown,KIAA0040,GR_DE_p
815,ILMN_1813625,brown,TRIM25,GR_DE_p
830,ILMN_1858599,brown,RBM43,GR_DE_p
834,ILMN_1876924,brown,WNK1,GR_DE_p
851,ILMN_2053103,brown,SLC40A1,GR_DE_p
852,ILMN_2054725,brown,SUGT1,GR_DE_p
858,ILMN_2082244,brown,FOXK1,GR_DE_p
869,ILMN_2093389,brown,SNAPC1,GR_DE_p
872,ILMN_2095133,brown,SPTAN1,GR_DE_p
911,ILMN_2175094,brown,TDRD1,GR_DE_p
912,ILMN_2175912,brown,ITGB2,GR_DE_p
951,ILMN_2298365,brown,PPP2R2B,GR_DE_p
958,ILMN_2313730,brown,RHOC,GR_DE_p
974,ILMN_2328224,brown,MADD,GR_DE_p
979,ILMN_2331890,brown,RPL41,GR_DE_p
988,ILMN_2341952,brown,MRPL35,GR_DE_p
1014,ILMN_2357730,brown,CDK20,GR_DE_p
1016,ILMN_2361807,brown,OS9,GR_DE_p
1019,ILMN_2364852,brown,BTN2A1,GR_DE_p
1020,ILMN_2365544,brown,NHP2,GR_DE_p
1050,ILMN_2393149,brown,ALOX15B,GR_DE_p
1072,ILMN_2405521,brown,MTHFD2,GR_DE_p
1076,ILMN_2414027,brown,"CKLF,CKLF-CMTM1",GR_DE_p
3,ILMN_1652163,green,DVL2,GR_DE_p
17,ILMN_1656393,green,PPP2R3A,GR_DE_p
18,ILMN_1656477,green,ARSA,GR_DE_p
27,ILMN_1657771,green,CRTC2,GR_DE_p
37,ILMN_1659976,green,CLP1,GR_DE_p
42,ILMN_1660810,green,TTC17,GR_DE_p
51,ILMN_1662451,green,FCER2,GR_DE_p
53,ILMN_1662658,green,PUS1,GR_DE_p
55,ILMN_1662932,green,LCP1,GR_DE_p
57,ILMN_1663618,green,STAT3,GR_DE_p
59,ILMN_1664094,green,P2RY13,GR_DE_p
73,ILMN_1665859,green,RAB27A,GR_DE_p
81,ILMN_1668063,green,FCN1,GR_DE_p
82,ILMN_1668374,green,ITGB5,GR_DE_p
95,ILMN_1671142,green,GPR68,GR_DE_p
106,ILMN_1671893,green,CHMP2A,GR_DE_p
107,ILMN_1672042,green,DOLPP1,GR_DE_p
114,ILMN_1673363,green,CD97,GR_DE_p
119,ILMN_1673769,green,KCNG1,GR_DE_p
121,ILMN_1674038,green,CTSD,GR_DE_p
128,ILMN_1674811,green,OASL,GR_DE_p
135,ILMN_1675556,green,XKR8,GR_DE_p
144,ILMN_1676358,green,RALB,GR_DE_p
146,ILMN_1676393,green,ATP5G1,GR_DE_p
149,ILMN_1677133,green,MITD1,GR_DE_p
153,ILMN_1677452,green,REXO4,GR_DE_p
159,ILMN_1677919,green,GMPR2,GR_DE_p
161,ILMN_1678054,green,TRIM21,GR_DE_p
180,ILMN_1682264,green,DCAF7,GR_DE_p
183,ILMN_1682699,green,PBX2,GR_DE_p
186,ILMN_1683664,green,FAM60A,GR_DE_p
198,ILMN_1686805,green,CRK,GR_DE_p
201,ILMN_1687080,green,EEF1A1,GR_DE_p
203,ILMN_1687410,green,OSBPL11,GR_DE_p
206,ILMN_1687858,green,CALM2,GR_DE_p
209,ILMN_1688178,green,RRP7A,GR_DE_p
232,ILMN_1694174,green,TRIM68,GR_DE_p
240,ILMN_1695719,green,EIF2C2,GR_DE_p
243,ILMN_1695853,green,CLK4,GR_DE_p
247,ILMN_1696494,green,CMTM6,GR_DE_p
252,ILMN_1697493,green,WDFY3,GR_DE_p
256,ILMN_1698491,green,MBD3,GR_DE_p
257,ILMN_1699015,green,"H3F3A,H3F3AP4",GR_DE_p
262,ILMN_1699991,green,LCK,GR_DE_p
265,ILMN_1700428,green,HLA-DOB,GR_DE_p
268,ILMN_1700633,green,ABHD4,GR_DE_p
276,ILMN_1701711,green,BRD8,GR_DE_p
281,ILMN_1701991,green,SYNJ1,GR_DE_p
286,ILMN_1703471,green,ATF6,GR_DE_p
295,ILMN_1705737,green,IMPDH2,GR_DE_p
299,ILMN_1706357,green,RFX2,GR_DE_p
302,ILMN_1707312,green,NFIL3,GR_DE_p
305,ILMN_1708537,green,RBPJ,GR_DE_p
308,ILMN_1708580,green,PDZK1IP1,GR_DE_p
313,ILMN_1709032,green,FYCO1,GR_DE_p
315,ILMN_1709114,green,TAB1,GR_DE_p
322,ILMN_1709820,green,AOAH,GR_DE_p
327,ILMN_1710598,green,SKI,GR_DE_p
330,ILMN_1710734,green,GZMK,GR_DE_p
345,ILMN_1713249,green,PHF19,GR_DE_p
347,ILMN_1714108,green,TP53INP1,GR_DE_p
350,ILMN_1714602,green,CD86,GR_DE_p
355,ILMN_1715417,green,SELP,GR_DE_p
360,ILMN_1716815,green,CEACAM1,GR_DE_p
365,ILMN_1718023,green,APEH,GR_DE_p
371,ILMN_1718619,green,TRIM11,GR_DE_p
377,ILMN_1718932,green,MTRR,GR_DE_p
378,ILMN_1719344,green,NRBF2,GR_DE_p
392,ILMN_1721383,green,TWIST2,GR_DE_p
395,ILMN_1722102,green,ANAPC11,GR_DE_p
403,ILMN_1724280,green,EGR3,GR_DE_p
413,ILMN_1726030,green,GPX7,GR_DE_p
415,ILMN_1726512,green,ZSCAN2,GR_DE_p
419,ILMN_1726603,green,ATP5I,GR_DE_p
422,ILMN_1727073,green,MEA1,GR_DE_p
428,ILMN_1728662,green,ALDH3B1,GR_DE_p
434,ILMN_1730698,green,ODF2,GR_DE_p
448,ILMN_1733983,green,FAM153B,GR_DE_p
452,ILMN_1734696,green,FRG1,GR_DE_p
458,ILMN_1736481,green,SECISBP2,GR_DE_p
467,ILMN_1737314,green,BCL6,GR_DE_p
469,ILMN_1737949,green,GALNS,GR_DE_p
473,ILMN_1738656,green,GLOD4,GR_DE_p
485,ILMN_1740216,green,ERCC3,GR_DE_p
488,ILMN_1741459,green,CDK10,GR_DE_p
497,ILMN_1744442,green,TTPAL,GR_DE_p
506,ILMN_1746252,green,POLD2,GR_DE_p
510,ILMN_1746378,green,GHDC,GR_DE_p
514,ILMN_1746856,green,RAB21,GR_DE_p
516,ILMN_1747146,green,TSG101,GR_DE_p
524,ILMN_1747546,green,TSPAN1,GR_DE_p
526,ILMN_1747627,green,ABCA2,GR_DE_p
528,ILMN_1748476,green,NOP58,GR_DE_p
531,ILMN_1748894,green,GTPBP3,GR_DE_p
533,ILMN_1748916,green,C18orf55,GR_DE_p
540,ILMN_1751851,green,CECR1,GR_DE_p
542,ILMN_1752046,green,SH2B3,GR_DE_p
551,ILMN_1755138,green,NEK8,GR_DE_p
555,ILMN_1755504,green,CALCOCO2,GR_DE_p
564,ILMN_1758323,green,ACPP,GR_DE_p
568,ILMN_1758864,green,VNN2,GR_DE_p
575,ILMN_1761277,green,PDE4C,GR_DE_p
581,ILMN_1763144,green,NEU1,GR_DE_p
589,ILMN_1764871,green,PIGP,GR_DE_p
595,ILMN_1765493,green,SHKBP1,GR_DE_p
598,ILMN_1766487,green,LRRC25,GR_DE_p
609,ILMN_1768197,green,PTBP3,GR_DE_p
614,ILMN_1769277,green,RPL9,GR_DE_p
617,ILMN_1770665,green,HERC4,GR_DE_p
619,ILMN_1770673,green,AKNA,GR_DE_p
624,ILMN_1771326,green,C15orf44,GR_DE_p
625,ILMN_1771385,green,GBP4,GR_DE_p
629,ILMN_1772233,green,ARAP1,GR_DE_p
635,ILMN_1773295,green,ARTN,GR_DE_p
653,ILMN_1779410,green,VAPA,GR_DE_p
656,ILMN_1779735,green,C7orf59,GR_DE_p
658,ILMN_1780132,green,PELI2,GR_DE_p
669,ILMN_1782095,green,FAM110A,GR_DE_p
679,ILMN_1783728,green,TBRG4,GR_DE_p
685,ILMN_1784678,green,PBX1,GR_DE_p
687,ILMN_1786598,green,COL14A1,GR_DE_p
697,ILMN_1788961,green,PPP2R2A,GR_DE_p
698,ILMN_1789005,green,ATP6V0C,GR_DE_p
702,ILMN_1789186,green,OBFC1,GR_DE_p
708,ILMN_1789793,green,NUAK2,GR_DE_p
713,ILMN_1789955,green,PNRC1,GR_DE_p
717,ILMN_1791388,green,ZNF787,GR_DE_p
723,ILMN_1794707,green,ATHL1,GR_DE_p
729,ILMN_1795383,green,RPUSD3,GR_DE_p
730,ILMN_1795835,green,LOC338758,GR_DE_p
743,ILMN_1796682,green,PARP3,GR_DE_p
746,ILMN_1797030,green,FGF18,GR_DE_p
753,ILMN_1797332,green,NARS2,GR_DE_p
754,ILMN_1797530,green,CHCHD5,GR_DE_p
758,ILMN_1797828,green,DDRGK1,GR_DE_p
763,ILMN_1798270,green,C11orf75,GR_DE_p
765,ILMN_1798706,green,GPR183,GR_DE_p
767,ILMN_1799765,green,RAB24,GR_DE_p
773,ILMN_1801105,green,PRKCD,GR_DE_p
777,ILMN_1803560,green,LAT2,GR_DE_p
781,ILMN_1803739,green,RPGRIP1,GR_DE_p
794,ILMN_1807448,green,FAM8A1,GR_DE_p
807,ILMN_1811110,green,TDRD9,GR_DE_p
814,ILMN_1813491,green,SPTLC1,GR_DE_p
819,ILMN_1813775,green,GAK,GR_DE_p
824,ILMN_1815169,green,MCM5,GR_DE_p
825,ILMN_1815479,green,NOP10,GR_DE_p
828,ILMN_1841019,green,LINC00347,GR_DE_p
836,ILMN_1882590,green,NACC2,GR_DE_p
841,ILMN_2043918,green,DLEU1,GR_DE_p
843,ILMN_2045729,green,WDR12,GR_DE_p
847,ILMN_2046315,green,GABARAPL2,GR_DE_p
848,ILMN_2049343,green,C19orf40,GR_DE_p
854,ILMN_2076463,green,SLC15A4,GR_DE_p
863,ILMN_2082810,green,BRD7,GR_DE_p
864,ILMN_2089073,green,ATP9A,GR_DE_p
866,ILMN_2090949,green,ZNF594,GR_DE_p
871,ILMN_2094718,green,TPT1,GR_DE_p
891,ILMN_2132599,green,ANKRD22,GR_DE_p
896,ILMN_2133675,green,SGSH,GR_DE_p
899,ILMN_2148497,green,C20orf107,GR_DE_p
914,ILMN_2181968,green,CBL,GR_DE_p
916,ILMN_2206141,green,MLL3,GR_DE_p
920,ILMN_2214997,green,LRRFIP1,GR_DE_p
925,ILMN_2219712,green,HMGB2,GR_DE_p
933,ILMN_2231928,green,MX2,GR_DE_p
936,ILMN_2233099,green,SSRP1,GR_DE_p
944,ILMN_2282641,green,TBXAS1,GR_DE_p
947,ILMN_2282959,green,DNA2,GR_DE_p
949,ILMN_2285802,green,SEC14L1,GR_DE_p
950,ILMN_2290118,green,MEGF9,GR_DE_p
954,ILMN_2306540,green,PDE9A,GR_DE_p
962,ILMN_2321451,green,HNRNPD,GR_DE_p
968,ILMN_2326071,green,MYL6,GR_DE_p
971,ILMN_2327780,green,TRIM23,GR_DE_p
980,ILMN_2334587,green,HNRNPC,GR_DE_p
985,ILMN_2337928,green,CXCR5,GR_DE_p
991,ILMN_2342271,green,BCL11A,GR_DE_p
999,ILMN_2348090,green,MRPL55,GR_DE_p
1010,ILMN_2356031,green,RNF121,GR_DE_p
1012,ILMN_2356311,green,FAM165B,GR_DE_p
1023,ILMN_2367113,green,CASP6,GR_DE_p
1042,ILMN_2386008,green,MPZL1,GR_DE_p
1044,ILMN_2388539,green,C17orf101,GR_DE_p
1053,ILMN_2395451,green,ASS1,GR_DE_p
1057,ILMN_2396982,green,BCL2L12,GR_DE_p
1060,ILMN_2397199,green,NDEL1,GR_DE_p
1067,ILMN_2402416,green,DNAJB6,GR_DE_p
1075,ILMN_2413572,green,MARK2,GR_DE_p
4,ILMN_1652163,grey,DVL2,GR_DE_p
16,ILMN_1656393,grey,PPP2R3A,GR_DE_p
19,ILMN_1656477,grey,ARSA,GR_DE_p
29,ILMN_1657771,grey,CRTC2,GR_DE_p
34,ILMN_1658884,grey,ATP11B,GR_DE_p
35,ILMN_1659976,grey,CLP1,GR_DE_p
40,ILMN_1660579,grey,CRLF3,GR_DE_p
43,ILMN_1660810,grey,TTC17,GR_DE_p
50,ILMN_1662451,grey,FCER2,GR_DE_p
52,ILMN_1662658,grey,PUS1,GR_DE_p
54,ILMN_1662932,grey,LCP1,GR_DE_p
60,ILMN_1664094,grey,P2RY13,GR_DE_p
66,ILMN_1665217,grey,CEP19,GR_DE_p
72,ILMN_1665859,grey,RAB27A,GR_DE_p
79,ILMN_1668063,grey,FCN1,GR_DE_p
83,ILMN_1668374,grey,ITGB5,GR_DE_p
93,ILMN_1670925,grey,CYB5D1,GR_DE_p
96,ILMN_1671142,grey,GPR68,GR_DE_p
103,ILMN_1671893,grey,CHMP2A,GR_DE_p
108,ILMN_1672042,grey,DOLPP1,GR_DE_p
113,ILMN_1673363,grey,CD97,GR_DE_p
120,ILMN_1673769,grey,KCNG1,GR_DE_p
122,ILMN_1674038,grey,CTSD,GR_DE_p
127,ILMN_1674811,grey,OASL,GR_DE_p
132,ILMN_1675556,grey,XKR8,GR_DE_p
143,ILMN_1676358,grey,RALB,GR_DE_p
145,ILMN_1676393,grey,ATP5G1,GR_DE_p
151,ILMN_1677133,grey,MITD1,GR_DE_p
156,ILMN_1677452,grey,REXO4,GR_DE_p
158,ILMN_1677919,grey,GMPR2,GR_DE_p
172,ILMN_1680397,grey,CXCR2,GR_DE_p
181,ILMN_1682264,grey,DCAF7,GR_DE_p
182,ILMN_1682699,grey,PBX2,GR_DE_p
184,ILMN_1682783,grey,TUG1,GR_DE_p
185,ILMN_1683664,grey,FAM60A,GR_DE_p
194,ILMN_1686464,grey,SLCO4C1,GR_DE_p
197,ILMN_1686805,grey,CRK,GR_DE_p
199,ILMN_1687080,grey,EEF1A1,GR_DE_p
202,ILMN_1687410,grey,OSBPL11,GR_DE_p
205,ILMN_1687858,grey,CALM2,GR_DE_p
210,ILMN_1688178,grey,RRP7A,GR_DE_p
214,ILMN_1689446,grey,EIF3G,GR_DE_p
218,ILMN_1689747,grey,NOL8,GR_DE_p
234,ILMN_1694174,grey,TRIM68,GR_DE_p
241,ILMN_1695719,grey,EIF2C2,GR_DE_p
248,ILMN_1696494,grey,CMTM6,GR_DE_p
255,ILMN_1698491,grey,MBD3,GR_DE_p
261,ILMN_1699991,grey,LCK,GR_DE_p
266,ILMN_1700428,grey,HLA-DOB,GR_DE_p
267,ILMN_1700633,grey,ABHD4,GR_DE_p
271,ILMN_1701173,grey,KCNK6,GR_DE_p
278,ILMN_1701711,grey,BRD8,GR_DE_p
284,ILMN_1703471,grey,ATF6,GR_DE_p
294,ILMN_1705737,grey,IMPDH2,GR_DE_p
297,ILMN_1706357,grey,RFX2,GR_DE_p
301,ILMN_1707312,grey,NFIL3,GR_DE_p
306,ILMN_1708537,grey,RBPJ,GR_DE_p
307,ILMN_1708580,grey,PDZK1IP1,GR_DE_p
310,ILMN_1708954,grey,GAR1,GR_DE_p
312,ILMN_1709032,grey,FYCO1,GR_DE_p
314,ILMN_1709114,grey,TAB1,GR_DE_p
321,ILMN_1709820,grey,AOAH,GR_DE_p
326,ILMN_1710598,grey,SKI,GR_DE_p
329,ILMN_1710734,grey,GZMK,GR_DE_p
344,ILMN_1713249,grey,PHF19,GR_DE_p
349,ILMN_1714602,grey,CD86,GR_DE_p
354,ILMN_1715417,grey,SELP,GR_DE_p
361,ILMN_1716815,grey,CEACAM1,GR_DE_p
362,ILMN_1717180,grey,MTMR6,GR_DE_p
364,ILMN_1718023,grey,APEH,GR_DE_p
374,ILMN_1718932,grey,MTRR,GR_DE_p
379,ILMN_1719344,grey,NRBF2,GR_DE_p
393,ILMN_1721383,grey,TWIST2,GR_DE_p
396,ILMN_1722102,grey,ANAPC11,GR_DE_p
400,ILMN_1724181,grey,IL15,GR_DE_p
412,ILMN_1726030,grey,GPX7,GR_DE_p
416,ILMN_1726512,grey,ZSCAN2,GR_DE_p
417,ILMN_1726547,grey,MAP3K5,GR_DE_p
420,ILMN_1726603,grey,ATP5I,GR_DE_p
423,ILMN_1727073,grey,MEA1,GR_DE_p
427,ILMN_1728662,grey,ALDH3B1,GR_DE_p
432,ILMN_1730698,grey,ODF2,GR_DE_p
443,ILMN_1732767,grey,PSMD9,GR_DE_p
446,ILMN_1733983,grey,FAM153B,GR_DE_p
451,ILMN_1734696,grey,FRG1,GR_DE_p
466,ILMN_1737314,grey,BCL6,GR_DE_p
470,ILMN_1737949,grey,GALNS,GR_DE_p
475,ILMN_1738656,grey,GLOD4,GR_DE_p
478,ILMN_1738819,grey,EFTUD2,GR_DE_p
487,ILMN_1741459,grey,CDK10,GR_DE_p
498,ILMN_1744442,grey,TTPAL,GR_DE_p
499,ILMN_1744517,grey,GNS,GR_DE_p
504,ILMN_1746252,grey,POLD2,GR_DE_p
509,ILMN_1746378,grey,GHDC,GR_DE_p
515,ILMN_1747146,grey,TSG101,GR_DE_p
518,ILMN_1747192,grey,RNF125,GR_DE_p
521,ILMN_1747195,grey,PSMB8,GR_DE_p
523,ILMN_1747546,grey,TSPAN1,GR_DE_p
527,ILMN_1748476,grey,NOP58,GR_DE_p
530,ILMN_1748894,grey,GTPBP3,GR_DE_p
532,ILMN_1748916,grey,C18orf55,GR_DE_p
543,ILMN_1752046,grey,SH2B3,GR_DE_p
552,ILMN_1755138,grey,NEK8,GR_DE_p
553,ILMN_1755504,grey,CALCOCO2,GR_DE_p
565,ILMN_1758323,grey,ACPP,GR_DE_p
567,ILMN_1758864,grey,VNN2,GR_DE_p
571,ILMN_1759801,grey,DPP8,GR_DE_p
574,ILMN_1761277,grey,PDE4C,GR_DE_p
577,ILMN_1761566,grey,C5orf32,GR_DE_p
580,ILMN_1763144,grey,NEU1,GR_DE_p
592,ILMN_1764871,grey,PIGP,GR_DE_p
593,ILMN_1765493,grey,SHKBP1,GR_DE_p
610,ILMN_1768197,grey,PTBP3,GR_DE_p
615,ILMN_1769277,grey,RPL9,GR_DE_p
621,ILMN_1770994,grey,LOC440900,GR_DE_p
626,ILMN_1771385,grey,GBP4,GR_DE_p
636,ILMN_1773295,grey,ARTN,GR_DE_p
641,ILMN_1774828,grey,VEZT,GR_DE_p
652,ILMN_1779410,grey,VAPA,GR_DE_p
655,ILMN_1779616,grey,SUCLG1,GR_DE_p
666,ILMN_1782079,grey,ZFP3,GR_DE_p
668,ILMN_1782095,grey,FAM110A,GR_DE_p
678,ILMN_1783728,grey,TBRG4,GR_DE_p
684,ILMN_1784678,grey,PBX1,GR_DE_p
686,ILMN_1786598,grey,COL14A1,GR_DE_p
696,ILMN_1788961,grey,PPP2R2A,GR_DE_p
699,ILMN_1789086,grey,LOC100288069,GR_DE_p
700,ILMN_1789186,grey,OBFC1,GR_DE_p
706,ILMN_1789793,grey,NUAK2,GR_DE_p
711,ILMN_1789830,grey,CFLAR,GR_DE_p
712,ILMN_1789955,grey,PNRC1,GR_DE_p
716,ILMN_1791388,grey,ZNF787,GR_DE_p
722,ILMN_1794707,grey,ATHL1,GR_DE_p
727,ILMN_1795383,grey,RPUSD3,GR_DE_p
731,ILMN_1795835,grey,LOC338758,GR_DE_p
732,ILMN_1795905,grey,ZBTB4,GR_DE_p
742,ILMN_1796682,grey,PARP3,GR_DE_p
747,ILMN_1797030,grey,FGF18,GR_DE_p
749,ILMN_1797107,grey,SCLT1,GR_DE_p
751,ILMN_1797332,grey,NARS2,GR_DE_p
755,ILMN_1797530,grey,CHCHD5,GR_DE_p
759,ILMN_1797828,grey,DDRGK1,GR_DE_p
769,ILMN_1799765,grey,RAB24,GR_DE_p
774,ILMN_1801105,grey,PRKCD,GR_DE_p
778,ILMN_1803560,grey,LAT2,GR_DE_p
780,ILMN_1803739,grey,RPGRIP1,GR_DE_p
782,ILMN_1804150,grey,HIBADH,GR_DE_p
795,ILMN_1807448,grey,FAM8A1,GR_DE_p
803,ILMN_1810436,grey,DNAJC27,GR_DE_p
806,ILMN_1811110,grey,TDRD9,GR_DE_p
818,ILMN_1813775,grey,GAK,GR_DE_p
829,ILMN_1841019,grey,LINC00347,GR_DE_p
835,ILMN_1882590,grey,NACC2,GR_DE_p
840,ILMN_2041327,grey,MRPL37,GR_DE_p
842,ILMN_2043918,grey,DLEU1,GR_DE_p
844,ILMN_2045729,grey,WDR12,GR_DE_p
846,ILMN_2046315,grey,GABARAPL2,GR_DE_p
849,ILMN_2049343,grey,C19orf40,GR_DE_p
850,ILMN_2051381,grey,ALDH16A1,GR_DE_p
855,ILMN_2076463,grey,SLC15A4,GR_DE_p
860,ILMN_2082810,grey,BRD7,GR_DE_p
865,ILMN_2090949,grey,ZNF594,GR_DE_p
870,ILMN_2094718,grey,TPT1,GR_DE_p
890,ILMN_2129927,grey,EXT1,GR_DE_p
892,ILMN_2132599,grey,ANKRD22,GR_DE_p
900,ILMN_2148497,grey,C20orf107,GR_DE_p
907,ILMN_2160929,grey,FEN1,GR_DE_p
913,ILMN_2181968,grey,CBL,GR_DE_p
917,ILMN_2206141,grey,MLL3,GR_DE_p
923,ILMN_2219712,grey,HMGB2,GR_DE_p
926,ILMN_2220845,grey,TMPRSS15,GR_DE_p
932,ILMN_2231928,grey,MX2,GR_DE_p
935,ILMN_2233099,grey,SSRP1,GR_DE_p
940,ILMN_2248725,grey,TYSND1,GR_DE_p
942,ILMN_2252295,grey,ELF2,GR_DE_p
945,ILMN_2282959,grey,DNA2,GR_DE_p
955,ILMN_2306540,grey,PDE9A,GR_DE_p
961,ILMN_2321451,grey,HNRNPD,GR_DE_p
967,ILMN_2326071,grey,MYL6,GR_DE_p
972,ILMN_2327780,grey,TRIM23,GR_DE_p
975,ILMN_2328280,grey,ACTL6A,GR_DE_p
981,ILMN_2334587,grey,HNRNPC,GR_DE_p
983,ILMN_2336609,grey,SYTL2,GR_DE_p
992,ILMN_2342271,grey,BCL11A,GR_DE_p
1000,ILMN_2348090,grey,MRPL55,GR_DE_p
1003,ILMN_2348093,grey,ATP5J,GR_DE_p
1011,ILMN_2356031,grey,RNF121,GR_DE_p
1013,ILMN_2356311,grey,FAM165B,GR_DE_p
1022,ILMN_2367113,grey,CASP6,GR_DE_p
1035,ILMN_2376723,grey,CDKN2B,GR_DE_p
1040,ILMN_2386008,grey,MPZL1,GR_DE_p
1046,ILMN_2388539,grey,C17orf101,GR_DE_p
1054,ILMN_2395451,grey,ASS1,GR_DE_p
1056,ILMN_2396982,grey,BCL2L12,GR_DE_p
1059,ILMN_2397199,grey,NDEL1,GR_DE_p
1063,ILMN_2397750,grey,IVNS1ABP,GR_DE_p
1066,ILMN_2402416,grey,DNAJB6,GR_DE_p
1070,ILMN_2404385,grey,REPIN1,GR_DE_p
1074,ILMN_2413572,grey,MARK2,GR_DE_p
9,ILMN_1653718,red,ZFAND2B,GR_DE_p
12,ILMN_1655190,red,LOC100506085,GR_DE_p
14,ILMN_1655635,red,METTL3,GR_DE_p
30,ILMN_1657771,red,CRTC2,GR_DE_p
31,ILMN_1657977,red,MSRB2,GR_DE_p
33,ILMN_1658884,red,ATP11B,GR_DE_p
39,ILMN_1660357,red,FLJ43663,GR_DE_p
48,ILMN_1662451,red,FCER2,GR_DE_p
56,ILMN_1663142,red,CLEC12A,GR_DE_p
58,ILMN_1664030,red,RAB1B,GR_DE_p
61,ILMN_1664094,red,P2RY13,GR_DE_p
62,ILMN_1664167,red,RPF2,GR_DE_p
67,ILMN_1665331,red,AMT,GR_DE_p
71,ILMN_1665797,red,CSE1L,GR_DE_p
78,ILMN_1667476,red,LTBR,GR_DE_p
84,ILMN_1668374,red,ITGB5,GR_DE_p
92,ILMN_1670925,red,CYB5D1,GR_DE_p
98,ILMN_1671207,red,IARS2,GR_DE_p
100,ILMN_1671374,red,C19orf53,GR_DE_p
105,ILMN_1671893,red,CHMP2A,GR_DE_p
116,ILMN_1673604,red,YIPF3,GR_DE_p
131,ILMN_1675124,red,DDX17,GR_DE_p
133,ILMN_1675556,red,XKR8,GR_DE_p
136,ILMN_1675612,red,BLCAP,GR_DE_p
150,ILMN_1677133,red,MITD1,GR_DE_p
155,ILMN_1677452,red,REXO4,GR_DE_p
163,ILMN_1678054,red,TRIM21,GR_DE_p
166,ILMN_1679324,red,EIF1B,GR_DE_p
169,ILMN_1679771,red,C2orf68,GR_DE_p
175,ILMN_1680662,red,SASS6,GR_DE_p
189,ILMN_1685140,red,PRRC1,GR_DE_p
193,ILMN_1685810,red,NFATC3,GR_DE_p
211,ILMN_1688625,red,AIM1,GR_DE_p
215,ILMN_1689646,red,FSD1,GR_DE_p
217,ILMN_1689747,red,NOL8,GR_DE_p
221,ILMN_1691117,red,DNTTIP1,GR_DE_p
223,ILMN_1691717,red,RHBDF2,GR_DE_p
225,ILMN_1692517,red,SORD,GR_DE_p
233,ILMN_1694174,red,TRIM68,GR_DE_p
235,ILMN_1694504,red,RNF220,GR_DE_p
244,ILMN_1695991,red,COLQ,GR_DE_p
249,ILMN_1696643,red,TLN1,GR_DE_p
264,ILMN_1700147,red,VPREB3,GR_DE_p
272,ILMN_1701173,red,KCNK6,GR_DE_p
274,ILMN_1701244,red,ITFG2,GR_DE_p
285,ILMN_1703471,red,ATF6,GR_DE_p
289,ILMN_1704795,red,MARK3,GR_DE_p
291,ILMN_1704873,red,TCEB1,GR_DE_p
298,ILMN_1706357,red,RFX2,GR_DE_p
318,ILMN_1709611,red,PSMA1,GR_DE_p
319,ILMN_1709809,red,NHP2L1,GR_DE_p
324,ILMN_1709882,red,ICK,GR_DE_p
325,ILMN_1710598,red,SKI,GR_DE_p
328,ILMN_1710734,red,GZMK,GR_DE_p
333,ILMN_1711270,red,SUGP2,GR_DE_p
335,ILMN_1711516,red,ATP6V1A,GR_DE_p
337,ILMN_1711573,red,CD96,GR_DE_p
338,ILMN_1711611,red,CR1,GR_DE_p
340,ILMN_1712088,red,CLYBL,GR_DE_p
346,ILMN_1713603,red,PRKCB,GR_DE_p
351,ILMN_1714602,red,CD86,GR_DE_p
353,ILMN_1714650,red,RASGRP4,GR_DE_p
357,ILMN_1715680,red,NEIL2,GR_DE_p
368,ILMN_1718070,red,CASP9,GR_DE_p
370,ILMN_1718619,red,TRIM11,GR_DE_p
373,ILMN_1718924,red,ETFA,GR_DE_p
375,ILMN_1718932,red,MTRR,GR_DE_p
383,ILMN_1720053,red,ZFAND3,GR_DE_p
384,ILMN_1720083,red,EHD4,GR_DE_p
388,ILMN_1721035,red,MS4A6A,GR_DE_p
401,ILMN_1724181,red,IL15,GR_DE_p
407,ILMN_1724581,red,EDC3,GR_DE_p
410,ILMN_1724753,red,NIN,GR_DE_p
411,ILMN_1725241,red,GSTK1,GR_DE_p
425,ILMN_1728662,red,ALDH3B1,GR_DE_p
441,ILMN_1731783,red,ATP1A1,GR_DE_p
460,ILMN_1736981,red,BRD4,GR_DE_p
463,ILMN_1737170,red,FLII,GR_DE_p
465,ILMN_1737314,red,BCL6,GR_DE_p
481,ILMN_1739263,red,DAPK1,GR_DE_p
483,ILMN_1739734,red,CLTCL1,GR_DE_p
486,ILMN_1740216,red,ERCC3,GR_DE_p
492,ILMN_1743032,red,CTSS,GR_DE_p
493,ILMN_1743432,red,DGUOK,GR_DE_p
496,ILMN_1744212,red,INPP5D,GR_DE_p
512,ILMN_1746578,red,SLC23A2,GR_DE_p
520,ILMN_1747192,red,RNF125,GR_DE_p
522,ILMN_1747460,red,TMEM184B,GR_DE_p
525,ILMN_1747622,red,CD33,GR_DE_p
539,ILMN_1751851,red,CECR1,GR_DE_p
546,ILMN_1753010,red,PET112,GR_DE_p
550,ILMN_1754811,red,FBXO38,GR_DE_p
554,ILMN_1755504,red,CALCOCO2,GR_DE_p
561,ILMN_1757072,red,FKBP1A,GR_DE_p
579,ILMN_1762531,red,FGF9,GR_DE_p
584,ILMN_1763365,red,FAM103A1,GR_DE_p
588,ILMN_1764091,red,R3HDM2,GR_DE_p
590,ILMN_1764871,red,PIGP,GR_DE_p
597,ILMN_1765872,red,SIPA1L3,GR_DE_p
606,ILMN_1767661,red,LOC100129269,GR_DE_p
612,ILMN_1769277,red,RPL9,GR_DE_p
633,ILMN_1772697,red,KREMEN1,GR_DE_p
639,ILMN_1774761,red,CCR2,GR_DE_p
644,ILMN_1775243,red,RPL35,GR_DE_p
645,ILMN_1775373,red,CMTM5,GR_DE_p
648,ILMN_1777660,red,RNF144A,GR_DE_p
661,ILMN_1780773,red,LOC400027,GR_DE_p
672,ILMN_1782419,red,GNG11,GR_DE_p
675,ILMN_1783158,red,LY6G6F,GR_DE_p
676,ILMN_1783285,red,CTPS,GR_DE_p
682,ILMN_1784651,red,NAGA,GR_DE_p
688,ILMN_1786718,red,NDUFV1,GR_DE_p
690,ILMN_1787526,red,C2orf88,GR_DE_p
693,ILMN_1788604,red,WBP2,GR_DE_p
701,ILMN_1789186,red,OBFC1,GR_DE_p
707,ILMN_1789793,red,NUAK2,GR_DE_p
724,ILMN_1794726,red,RNF167,GR_DE_p
734,ILMN_1795930,red,PTGER4,GR_DE_p
761,ILMN_1798204,red,IL21R,GR_DE_p
764,ILMN_1798679,red,ANO9,GR_DE_p
766,ILMN_1799688,red,CDC23,GR_DE_p
768,ILMN_1799765,red,RAB24,GR_DE_p
771,ILMN_1799848,red,ANKRD22,GR_DE_p
775,ILMN_1801504,red,RUNX1,GR_DE_p
786,ILMN_1805007,red,SEMA4F,GR_DE_p
791,ILMN_1807106,red,LDHA,GR_DE_p
796,ILMN_1808500,red,CEP68,GR_DE_p
799,ILMN_1809027,red,ATP5SL,GR_DE_p
802,ILMN_1810423,red,RPP40,GR_DE_p
808,ILMN_1811328,red,DPP7,GR_DE_p
809,ILMN_1811624,red,THADA,GR_DE_p
817,ILMN_1813775,red,GAK,GR_DE_p
821,ILMN_1814812,red,USP32,GR_DE_p
838,ILMN_1886092,red,FAM189A1,GR_DE_p
853,ILMN_2058795,red,PGCP,GR_DE_p
862,ILMN_2082810,red,BRD7,GR_DE_p
874,ILMN_2098013,red,CETP,GR_DE_p
875,ILMN_2099301,red,SUN2,GR_DE_p
879,ILMN_2115949,red,ZNF394,GR_DE_p
884,ILMN_2124082,red,PPP2R5B,GR_DE_p
885,ILMN_2127328,red,PURA,GR_DE_p
888,ILMN_2129015,red,AFF1,GR_DE_p
893,ILMN_2132599,red,ANKRD22,GR_DE_p
895,ILMN_2133675,red,SGSH,GR_DE_p
901,ILMN_2148679,red,LOC100507032,GR_DE_p
902,ILMN_2150294,red,FKBP14,GR_DE_p
904,ILMN_2153466,red,FAM50B,GR_DE_p
908,ILMN_2163306,red,FAM120A,GR_DE_p
915,ILMN_2192032,red,SRP19,GR_DE_p
924,ILMN_2219712,red,HMGB2,GR_DE_p
927,ILMN_2222984,red,"RDH14,NT5C1B-RDH14",GR_DE_p
931,ILMN_2231928,red,MX2,GR_DE_p
938,ILMN_2234412,red,TLE3,GR_DE_p
948,ILMN_2285112,red,FBXO11,GR_DE_p
953,ILMN_2299612,red,TMEM150A,GR_DE_p
964,ILMN_2321648,red,SH2D3C,GR_DE_p
965,ILMN_2323172,red,CSF3R,GR_DE_p
970,ILMN_2327276,red,STAU1,GR_DE_p
976,ILMN_2328280,red,ACTL6A,GR_DE_p
978,ILMN_2330112,red,CNIH,GR_DE_p
987,ILMN_2338323,red,CDC25B,GR_DE_p
989,ILMN_2342240,red,MGAT2,GR_DE_p
994,ILMN_2342271,red,BCL11A,GR_DE_p
995,ILMN_2343563,red,ANAPC11,GR_DE_p
997,ILMN_2344204,red,PRR13,GR_DE_p
1001,ILMN_2348090,red,MRPL55,GR_DE_p
1006,ILMN_2352326,red,COASY,GR_DE_p
1008,ILMN_2353697,red,HINFP,GR_DE_p
1026,ILMN_2367469,red,CARS,GR_DE_p
1041,ILMN_2386008,red,MPZL1,GR_DE_p
1043,ILMN_2386205,red,C21orf33,GR_DE_p
1047,ILMN_2391551,red,PROSER1,GR_DE_p
1048,ILMN_2391976,red,SLC45A4,GR_DE_p
1062,ILMN_2397750,red,IVNS1ABP,GR_DE_p
1069,ILMN_2404385,red,REPIN1,GR_DE_p
1078,ILMN_2415572,red,GALC,GR_DE_p
1,ILMN_1651346,turquoise,"TMED7-TICAM2,TICAM2",GR_DE_p
2,ILMN_1651949,turquoise,SCYL3,GR_DE_p
8,ILMN_1653718,turquoise,ZFAND2B,GR_DE_p
11,ILMN_1655154,turquoise,PTBP1,GR_DE_p
13,ILMN_1655312,turquoise,HPS5,GR_DE_p
15,ILMN_1656393,turquoise,PPP2R3A,GR_DE_p
20,ILMN_1656625,turquoise,RPS24,GR_DE_p
21,ILMN_1656913,turquoise,MDH1,GR_DE_p
24,ILMN_1657283,turquoise,ALKBH5,GR_DE_p
28,ILMN_1657771,turquoise,CRTC2,GR_DE_p
36,ILMN_1659976,turquoise,CLP1,GR_DE_p
38,ILMN_1660027,turquoise,FCGR2B,GR_DE_p
41,ILMN_1660579,turquoise,CRLF3,GR_DE_p
44,ILMN_1660810,turquoise,TTC17,GR_DE_p
46,ILMN_1661500,turquoise,B4GALT4,GR_DE_p
49,ILMN_1662451,turquoise,FCER2,GR_DE_p
64,ILMN_1664921,turquoise,PPP6C,GR_DE_p
69,ILMN_1665737,turquoise,UFD1L,GR_DE_p
75,ILMN_1667222,turquoise,MTX1,GR_DE_p
77,ILMN_1667476,turquoise,LTBR,GR_DE_p
80,ILMN_1668063,turquoise,FCN1,GR_DE_p
85,ILMN_1668374,turquoise,ITGB5,GR_DE_p
88,ILMN_1668996,turquoise,C1QBP,GR_DE_p
89,ILMN_1669927,turquoise,ICOS,GR_DE_p
91,ILMN_1670589,turquoise,MYH10,GR_DE_p
94,ILMN_1670925,turquoise,CYB5D1,GR_DE_p
97,ILMN_1671142,turquoise,GPR68,GR_DE_p
104,ILMN_1671893,turquoise,CHMP2A,GR_DE_p
110,ILMN_1672503,turquoise,DPYSL2,GR_DE_p
111,ILMN_1672717,turquoise,C10orf57,GR_DE_p
118,ILMN_1673769,turquoise,KCNG1,GR_DE_p
125,ILMN_1674560,turquoise,GBA2,GR_DE_p
129,ILMN_1674811,turquoise,OASL,GR_DE_p
134,ILMN_1675556,turquoise,XKR8,GR_DE_p
137,ILMN_1675803,turquoise,FAM200B,GR_DE_p
138,ILMN_1675939,turquoise,IFNGR1,GR_DE_p
139,ILMN_1676014,turquoise,DHRS4L1,GR_DE_p
140,ILMN_1676091,turquoise,"HNRNPA1P10,HNRNPA1",GR_DE_p
142,ILMN_1676358,turquoise,RALB,GR_DE_p
148,ILMN_1677133,turquoise,MITD1,GR_DE_p
152,ILMN_1677385,turquoise,C8orf40,GR_DE_p
154,ILMN_1677452,turquoise,REXO4,GR_DE_p
157,ILMN_1677877,turquoise,UBE2L3,GR_DE_p
162,ILMN_1678054,turquoise,TRIM21,GR_DE_p
164,ILMN_1679134,turquoise,NSMCE4A,GR_DE_p
167,ILMN_1679324,turquoise,EIF1B,GR_DE_p
170,ILMN_1679771,turquoise,C2orf68,GR_DE_p
173,ILMN_1680419,turquoise,ASB7,GR_DE_p
176,ILMN_1681032,turquoise,C16orf54,GR_DE_p
179,ILMN_1682264,turquoise,DCAF7,GR_DE_p
187,ILMN_1684293,turquoise,ANP32B,GR_DE_p
191,ILMN_1685661,turquoise,RRP15,GR_DE_p
192,ILMN_1685679,turquoise,RNF146,GR_DE_p
195,ILMN_1686464,turquoise,SLCO4C1,GR_DE_p
196,ILMN_1686697,turquoise,FBXO38,GR_DE_p
200,ILMN_1687080,turquoise,EEF1A1,GR_DE_p
204,ILMN_1687858,turquoise,CALM2,GR_DE_p
212,ILMN_1688702,turquoise,PJA2,GR_DE_p
216,ILMN_1689747,turquoise,NOL8,GR_DE_p
219,ILMN_1690040,turquoise,TM7SF2,GR_DE_p
220,ILMN_1690822,turquoise,VAPA,GR_DE_p
226,ILMN_1692785,turquoise,KLHL21,GR_DE_p
227,ILMN_1693014,turquoise,CEBPB,GR_DE_p
229,ILMN_1693789,turquoise,ALPP,GR_DE_p
230,ILMN_1693949,turquoise,SPECC1,GR_DE_p
231,ILMN_1694084,turquoise,CYTH1,GR_DE_p
242,ILMN_1695759,turquoise,AMDHD2,GR_DE_p
253,ILMN_1697906,turquoise,WBP4,GR_DE_p
259,ILMN_1699265,turquoise,TNFRSF10B,GR_DE_p
260,ILMN_1699991,turquoise,LCK,GR_DE_p
269,ILMN_1700633,turquoise,ABHD4,GR_DE_p
273,ILMN_1701173,turquoise,KCNK6,GR_DE_p
277,ILMN_1701711,turquoise,BRD8,GR_DE_p
282,ILMN_1702691,turquoise,TNFAIP3,GR_DE_p
283,ILMN_1703379,turquoise,VPS41,GR_DE_p
288,ILMN_1704290,turquoise,SPTLC2,GR_DE_p
292,ILMN_1705297,turquoise,MYBPH,GR_DE_p
293,ILMN_1705594,turquoise,NAT10,GR_DE_p
303,ILMN_1707810,turquoise,RPS5,GR_DE_p
309,ILMN_1708580,turquoise,PDZK1IP1,GR_DE_p
311,ILMN_1708954,turquoise,GAR1,GR_DE_p
316,ILMN_1709440,turquoise,CPM,GR_DE_p
320,ILMN_1709809,turquoise,NHP2L1,GR_DE_p
323,ILMN_1709882,turquoise,ICK,GR_DE_p
331,ILMN_1710734,turquoise,GZMK,GR_DE_p
334,ILMN_1711270,turquoise,SUGP2,GR_DE_p
336,ILMN_1711516,turquoise,ATP6V1A,GR_DE_p
339,ILMN_1712088,turquoise,CLYBL,GR_DE_p
341,ILMN_1712347,turquoise,SRSF6,GR_DE_p
343,ILMN_1712705,turquoise,RAB40C,GR_DE_p
348,ILMN_1714461,turquoise,RNF14,GR_DE_p
352,ILMN_1714602,turquoise,CD86,GR_DE_p
356,ILMN_1715680,turquoise,NEIL2,GR_DE_p
358,ILMN_1715905,turquoise,DSN1,GR_DE_p
366,ILMN_1718023,turquoise,APEH,GR_DE_p
369,ILMN_1718619,turquoise,TRIM11,GR_DE_p
372,ILMN_1718924,turquoise,ETFA,GR_DE_p
376,ILMN_1718932,turquoise,MTRR,GR_DE_p
380,ILMN_1719656,turquoise,MRPL38,GR_DE_p
382,ILMN_1720053,turquoise,ZFAND3,GR_DE_p
385,ILMN_1720083,turquoise,EHD4,GR_DE_p
386,ILMN_1720531,turquoise,KDM4B,GR_DE_p
390,ILMN_1721106,turquoise,C14orf159,GR_DE_p
394,ILMN_1722059,turquoise,SAFB,GR_DE_p
398,ILMN_1723486,turquoise,HK2,GR_DE_p
402,ILMN_1724181,turquoise,IL15,GR_DE_p
404,ILMN_1724280,turquoise,EGR3,GR_DE_p
408,ILMN_1724666,turquoise,INADL,GR_DE_p
414,ILMN_1726030,turquoise,GPX7,GR_DE_p
418,ILMN_1726547,turquoise,MAP3K5,GR_DE_p
426,ILMN_1728662,turquoise,ALDH3B1,GR_DE_p
431,ILMN_1730454,turquoise,FOLR3,GR_DE_p
433,ILMN_1730698,turquoise,ODF2,GR_DE_p
436,ILMN_1731546,turquoise,RPL26,GR_DE_p
437,ILMN_1731714,turquoise,CREB5,GR_DE_p
438,ILMN_1731720,turquoise,PDRG1,GR_DE_p
439,ILMN_1731742,turquoise,TNFRSF13C,GR_DE_p
440,ILMN_1731783,turquoise,ATP1A1,GR_DE_p
447,ILMN_1733983,turquoise,FAM153B,GR_DE_p
449,ILMN_1733998,turquoise,DHRS9,GR_DE_p
450,ILMN_1734317,turquoise,DPF2,GR_DE_p
454,ILMN_1735712,turquoise,KRT1,GR_DE_p
461,ILMN_1736981,turquoise,BRD4,GR_DE_p
462,ILMN_1737170,turquoise,FLII,GR_DE_p
464,ILMN_1737314,turquoise,BCL6,GR_DE_p
472,ILMN_1738589,turquoise,MGLL,GR_DE_p
474,ILMN_1738656,turquoise,GLOD4,GR_DE_p
476,ILMN_1738816,turquoise,FOXO1,GR_DE_p
477,ILMN_1738819,turquoise,EFTUD2,GR_DE_p
479,ILMN_1738825,turquoise,HIC1,GR_DE_p
480,ILMN_1738992,turquoise,MNDA,GR_DE_p
482,ILMN_1739428,turquoise,IFIT2,GR_DE_p
484,ILMN_1740216,turquoise,ERCC3,GR_DE_p
494,ILMN_1744068,turquoise,ELP3,GR_DE_p
505,ILMN_1746252,turquoise,POLD2,GR_DE_p
507,ILMN_1746276,turquoise,EPC1,GR_DE_p
508,ILMN_1746378,turquoise,GHDC,GR_DE_p
513,ILMN_1746856,turquoise,RAB21,GR_DE_p
517,ILMN_1747146,turquoise,TSG101,GR_DE_p
519,ILMN_1747192,turquoise,RNF125,GR_DE_p
529,ILMN_1748476,turquoise,NOP58,GR_DE_p
534,ILMN_1749006,turquoise,RCSD1,GR_DE_p
535,ILMN_1750507,turquoise,RPL9,GR_DE_p
538,ILMN_1751400,turquoise,SKAP1,GR_DE_p
541,ILMN_1751851,turquoise,CECR1,GR_DE_p
545,ILMN_1752285,turquoise,RPL4,GR_DE_p
556,ILMN_1756049,turquoise,NT5DC3,GR_DE_p
557,ILMN_1756236,turquoise,C1QL2,GR_DE_p
559,ILMN_1756898,turquoise,COQ9,GR_DE_p
566,ILMN_1758323,turquoise,ACPP,GR_DE_p
572,ILMN_1759872,turquoise,DHFR,GR_DE_p
576,ILMN_1761566,turquoise,C5orf32,GR_DE_p
582,ILMN_1763264,turquoise,MRPL2,GR_DE_p
583,ILMN_1763265,turquoise,CHMP1B,GR_DE_p
587,ILMN_1763842,turquoise,PTRH1,GR_DE_p
591,ILMN_1764871,turquoise,PIGP,GR_DE_p
594,ILMN_1765493,turquoise,SHKBP1,GR_DE_p
599,ILMN_1766984,turquoise,EIF5AL1,GR_DE_p
600,ILMN_1767219,turquoise,POLR1C,GR_DE_p
602,ILMN_1767365,turquoise,PAK1,GR_DE_p
608,ILMN_1767894,turquoise,POLB,GR_DE_p
613,ILMN_1769277,turquoise,RPL9,GR_DE_p
616,ILMN_1770245,turquoise,EPB41L5,GR_DE_p
618,ILMN_1770673,turquoise,AKNA,GR_DE_p
622,ILMN_1770994,turquoise,LOC440900,GR_DE_p
627,ILMN_1771651,turquoise,MON1B,GR_DE_p
628,ILMN_1772132,turquoise,ATP5B,GR_DE_p
631,ILMN_1772651,turquoise,CNOT2,GR_DE_p
632,ILMN_1772697,turquoise,KREMEN1,GR_DE_p
637,ILMN_1773395,turquoise,"RDH5,BLOC1S1-RDH5",GR_DE_p
640,ILMN_1774761,turquoise,CCR2,GR_DE_p
642,ILMN_1774828,turquoise,VEZT,GR_DE_p
643,ILMN_1774844,turquoise,MAPKAPK2,GR_DE_p
654,ILMN_1779410,turquoise,VAPA,GR_DE_p
663,ILMN_1781225,turquoise,MORC2-AS1,GR_DE_p
667,ILMN_1782079,turquoise,ZFP3,GR_DE_p
670,ILMN_1782178,turquoise,FLVCR1-AS1,GR_DE_p
674,ILMN_1783158,turquoise,LY6G6F,GR_DE_p
677,ILMN_1783728,turquoise,TBRG4,GR_DE_p
681,ILMN_1784523,turquoise,ATP6V1G1,GR_DE_p
694,ILMN_1788604,turquoise,WBP2,GR_DE_p
703,ILMN_1789186,turquoise,OBFC1,GR_DE_p
704,ILMN_1789387,turquoise,KCNE3,GR_DE_p
705,ILMN_1789508,turquoise,GTF3C3,GR_DE_p
709,ILMN_1789793,turquoise,NUAK2,GR_DE_p
710,ILMN_1789830,turquoise,CFLAR,GR_DE_p
719,ILMN_1793829,turquoise,TMCO1,GR_DE_p
720,ILMN_1793832,turquoise,GRB14,GR_DE_p
721,ILMN_1794266,turquoise,SPINLW1,GR_DE_p
725,ILMN_1795218,turquoise,DHX30,GR_DE_p
726,ILMN_1795228,turquoise,ZFAND5,GR_DE_p
728,ILMN_1795383,turquoise,RPUSD3,GR_DE_p
733,ILMN_1795905,turquoise,ZBTB4,GR_DE_p
735,ILMN_1795930,turquoise,PTGER4,GR_DE_p
737,ILMN_1796136,turquoise,RAB37,GR_DE_p
738,ILMN_1796316,turquoise,MMP9,GR_DE_p
739,ILMN_1796407,turquoise,SS18L2,GR_DE_p
740,ILMN_1796458,turquoise,GABARAPL2,GR_DE_p
748,ILMN_1797107,turquoise,SCLT1,GR_DE_p
752,ILMN_1797332,turquoise,NARS2,GR_DE_p
756,ILMN_1797534,turquoise,RIOK1,GR_DE_p
760,ILMN_1797964,turquoise,ARL6IP6,GR_DE_p
770,ILMN_1799765,turquoise,RAB24,GR_DE_p
772,ILMN_1801105,turquoise,PRKCD,GR_DE_p
779,ILMN_1803624,turquoise,TMEM147,GR_DE_p
784,ILMN_1804419,turquoise,LRMP,GR_DE_p
789,ILMN_1805800,turquoise,RAB5A,GR_DE_p
792,ILMN_1807106,turquoise,LDHA,GR_DE_p
805,ILMN_1811110,turquoise,TDRD9,GR_DE_p
811,ILMN_1812080,turquoise,PARP16,GR_DE_p
812,ILMN_1813379,turquoise,TNFRSF9,GR_DE_p
813,ILMN_1813491,turquoise,SPTLC1,GR_DE_p
816,ILMN_1813775,turquoise,GAK,GR_DE_p
820,ILMN_1814464,turquoise,RAMP2,GR_DE_p
826,ILMN_1815908,turquoise,GYPE,GR_DE_p
827,ILMN_1826471,turquoise,PHLDB3,GR_DE_p
831,ILMN_1862217,turquoise,APH1B,GR_DE_p
833,ILMN_1873893,turquoise,ITGA9,GR_DE_p
837,ILMN_1882590,turquoise,NACC2,GR_DE_p
845,ILMN_2046315,turquoise,GABARAPL2,GR_DE_p
856,ILMN_2076463,turquoise,SLC15A4,GR_DE_p
857,ILMN_2081645,turquoise,RSPO2,GR_DE_p
861,ILMN_2082810,turquoise,BRD7,GR_DE_p
868,ILMN_2091707,turquoise,AGPHD1,GR_DE_p
876,ILMN_2103388,turquoise,ZBTB49,GR_DE_p
878,ILMN_2115949,turquoise,ZNF394,GR_DE_p
886,ILMN_2127328,turquoise,PURA,GR_DE_p
887,ILMN_2129015,turquoise,AFF1,GR_DE_p
889,ILMN_2129927,turquoise,EXT1,GR_DE_p
894,ILMN_2132599,turquoise,ANKRD22,GR_DE_p
897,ILMN_2143148,turquoise,TM2D1,GR_DE_p
898,ILMN_2145116,turquoise,TMEM173,GR_DE_p
903,ILMN_2153373,turquoise,LRBA,GR_DE_p
905,ILMN_2153466,turquoise,FAM50B,GR_DE_p
906,ILMN_2160929,turquoise,FEN1,GR_DE_p
909,ILMN_2163306,turquoise,FAM120A,GR_DE_p
910,ILMN_2167617,turquoise,NACA,GR_DE_p
918,ILMN_2208413,turquoise,ARHGAP15,GR_DE_p
919,ILMN_2212354,turquoise,WDR46,GR_DE_p
922,ILMN_2219437,turquoise,PRRG4,GR_DE_p
930,ILMN_2228180,turquoise,MSRA,GR_DE_p
934,ILMN_2231928,turquoise,MX2,GR_DE_p
939,ILMN_2234412,turquoise,TLE3,GR_DE_p
941,ILMN_2252295,turquoise,ELF2,GR_DE_p
946,ILMN_2282959,turquoise,DNA2,GR_DE_p
952,ILMN_2299612,turquoise,TMEM150A,GR_DE_p
959,ILMN_2319910,turquoise,DGKA,GR_DE_p
960,ILMN_2320850,turquoise,UBE2D3,GR_DE_p
966,ILMN_2323172,turquoise,CSF3R,GR_DE_p
977,ILMN_2328280,turquoise,ACTL6A,GR_DE_p
982,ILMN_2336609,turquoise,SYTL2,GR_DE_p
984,ILMN_2336982,turquoise,NPTN,GR_DE_p
990,ILMN_2342240,turquoise,MGAT2,GR_DE_p
993,ILMN_2342271,turquoise,BCL11A,GR_DE_p
998,ILMN_2344798,turquoise,APAF1,GR_DE_p
1002,ILMN_2348090,turquoise,MRPL55,GR_DE_p
1004,ILMN_2349658,turquoise,TSPO,GR_DE_p
1005,ILMN_2352326,turquoise,COASY,GR_DE_p
1007,ILMN_2353697,turquoise,HINFP,GR_DE_p
1015,ILMN_2358202,turquoise,SRRT,GR_DE_p
1018,ILMN_2364376,turquoise,ILK,GR_DE_p
1021,ILMN_2365569,turquoise,ICA1,GR_DE_p
1027,ILMN_2367671,turquoise,LIMK2,GR_DE_p
1028,ILMN_2368585,turquoise,GGT1,GR_DE_p
1034,ILMN_2375992,turquoise,SPINT1,GR_DE_p
1036,ILMN_2376723,turquoise,CDKN2B,GR_DE_p
1038,ILMN_2381899,turquoise,OPTN,GR_DE_p
1039,ILMN_2383097,turquoise,"RPL17,RPL17-C18ORF32",GR_DE_p
1045,ILMN_2388539,turquoise,C17orf101,GR_DE_p
1052,ILMN_2395451,turquoise,ASS1,GR_DE_p
1055,ILMN_2396410,turquoise,CS,GR_DE_p
1058,ILMN_2396982,turquoise,BCL2L12,GR_DE_p
1061,ILMN_2397750,turquoise,IVNS1ABP,GR_DE_p
1064,ILMN_2398865,turquoise,VPS13C,GR_DE_p
1065,ILMN_2399503,turquoise,UBN1,GR_DE_p
1071,ILMN_2404385,turquoise,REPIN1,GR_DE_p
6,ILMN_1653504,yellow,S1PR1,GR_DE_p
7,ILMN_1653529,yellow,TEX10,GR_DE_p
10,ILMN_1655137,yellow,ZCCHC11,GR_DE_p
26,ILMN_1657547,yellow,CCDC34,GR_DE_p
32,ILMN_1658460,yellow,SRSF10,GR_DE_p
47,ILMN_1661888,yellow,MEF2A,GR_DE_p
68,ILMN_1665559,yellow,CDK2,GR_DE_p
76,ILMN_1667453,yellow,HINFP,GR_DE_p
102,ILMN_1671839,yellow,TAF1C,GR_DE_p
117,ILMN_1673638,yellow,RPS3A,GR_DE_p
147,ILMN_1676946,yellow,AP3M2,GR_DE_p
168,ILMN_1679381,yellow,LCN1,GR_DE_p
177,ILMN_1681067,yellow,PIK3R5,GR_DE_p
178,ILMN_1681590,yellow,LARP1,GR_DE_p
207,ILMN_1687922,yellow,RP9,GR_DE_p
224,ILMN_1692464,yellow,TTC38,GR_DE_p
228,ILMN_1693045,yellow,TMED1,GR_DE_p
238,ILMN_1695354,yellow,BMF,GR_DE_p
239,ILMN_1695468,yellow,SRPK2,GR_DE_p
250,ILMN_1696870,yellow,TGFBRAP1,GR_DE_p
254,ILMN_1698367,yellow,CD84,GR_DE_p
275,ILMN_1701477,yellow,CCDC101,GR_DE_p
317,ILMN_1709590,yellow,PGM5,GR_DE_p
342,ILMN_1712389,yellow,"CKLF-CMTM1,CKLF",GR_DE_p
391,ILMN_1721113,yellow,HLA-C,GR_DE_p
399,ILMN_1723909,yellow,RPL21P44,GR_DE_p
406,ILMN_1724493,yellow,LYSMD2,GR_DE_p
442,ILMN_1732049,yellow,DPM2,GR_DE_p
459,ILMN_1736831,yellow,PRSS33,GR_DE_p
471,ILMN_1738369,yellow,TUFM,GR_DE_p
501,ILMN_1745103,yellow,CLEC1B,GR_DE_p
511,ILMN_1746492,yellow,IFT27,GR_DE_p
547,ILMN_1753440,yellow,DCAF16,GR_DE_p
549,ILMN_1754753,yellow,IL6R,GR_DE_p
562,ILMN_1757336,yellow,LRCH3,GR_DE_p
573,ILMN_1761159,yellow,ESYT1,GR_DE_p
585,ILMN_1763452,yellow,EVI2B,GR_DE_p
586,ILMN_1763837,yellow,ANPEP,GR_DE_p
601,ILMN_1767253,yellow,RRP12,GR_DE_p
605,ILMN_1767658,yellow,RRS1,GR_DE_p
646,ILMN_1776005,yellow,OSTC,GR_DE_p
650,ILMN_1778104,yellow,ACADM,GR_DE_p
651,ILMN_1778168,yellow,ELMO2,GR_DE_p
657,ILMN_1779979,yellow,SLC37A3,GR_DE_p
664,ILMN_1781285,yellow,DUSP1,GR_DE_p
665,ILMN_1781373,yellow,IFIH1,GR_DE_p
683,ILMN_1784661,yellow,TMEM2,GR_DE_p
695,ILMN_1788887,yellow,LOC338799,GR_DE_p
718,ILMN_1791840,yellow,RALBP1,GR_DE_p
741,ILMN_1796642,yellow,NCF2,GR_DE_p
757,ILMN_1797684,yellow,PDCD2,GR_DE_p
776,ILMN_1802106,yellow,APOBEC3G,GR_DE_p
783,ILMN_1804328,yellow,WWP1,GR_DE_p
790,ILMN_1805916,yellow,NIPSNAP1,GR_DE_p
793,ILMN_1807397,yellow,NDUFB5,GR_DE_p
800,ILMN_1809344,yellow,BTBD10,GR_DE_p
804,ILMN_1810514,yellow,SLC25A44,GR_DE_p
832,ILMN_1864422,yellow,POU2F1,GR_DE_p
839,ILMN_1903822,yellow,SLC2A9,GR_DE_p
859,ILMN_2082593,yellow,KIR3DL3,GR_DE_p
877,ILMN_2105966,yellow,SLC35A4,GR_DE_p
881,ILMN_2116877,yellow,OLFM4,GR_DE_p
929,ILMN_2225348,yellow,ZNF805,GR_DE_p
943,ILMN_2261973,yellow,DPH3,GR_DE_p
956,ILMN_2307032,yellow,OSBPL5,GR_DE_p
957,ILMN_2310703,yellow,RPS26,GR_DE_p
963,ILMN_2321485,yellow,PPP1R8,GR_DE_p
973,ILMN_2327795,yellow,RERE,GR_DE_p
1009,ILMN_2354140,yellow,NAA20,GR_DE_p
1017,ILMN_2362457,yellow,ZDHHC16,GR_DE_p
1024,ILMN_2367418,yellow,OSCAR,GR_DE_p
1030,ILMN_2373515,yellow,HSP90AA1,GR_DE_p
1032,ILMN_2374293,yellow,DYRK1A,GR_DE_p
1037,ILMN_2381841,yellow,DDX19B,GR_DE_p
1073,ILMN_2406043,yellow,"CHMP3,RNF103-CHMP3",GR_DE_p
1077,ILMN_2415162,yellow,01-Sep,GR_DE_p
1102,ILMN_1656477,blue,ARSA,Etranscript_p
3101,ILMN_1657283,blue,ALKBH5,Etranscript_p
5101,ILMN_1658884,blue,ATP11B,Etranscript_p
7101,ILMN_1680419,blue,ASB7,Etranscript_p
9101,ILMN_1684293,blue,ANP32B,Etranscript_p
1080,ILMN_1693789,blue,ALPP,Etranscript_p
1112,ILMN_1695759,blue,AMDHD2,Etranscript_p
1312,ILMN_1700633,blue,ABHD4,Etranscript_p
1812,ILMN_1716237,blue,ACOT2,Etranscript_p
2012,ILMN_1716480,blue,ACD,Etranscript_p
2212,ILMN_1718023,blue,APEH,Etranscript_p
2412,ILMN_1728662,blue,ALDH3B1,Etranscript_p
2712,ILMN_1731783,blue,ATP1A1,Etranscript_p
2911,ILMN_1758323,blue,ACPP,Etranscript_p
3011,ILMN_1761309,blue,ADCK5,Etranscript_p
3111,ILMN_1770673,blue,AKNA,Etranscript_p
3311,ILMN_1793894,blue,ANAPC13,Etranscript_p
3711,ILMN_2115218,blue,ANKRD10,Etranscript_p
4111,ILMN_2132599,blue,ANKRD22,Etranscript_p
4211,ILMN_2208413,blue,ARHGAP15,Etranscript_p
4411,ILMN_2221408,blue,ARFGEF1,Etranscript_p
4711,ILMN_2328280,blue,ACTL6A,Etranscript_p
4911,ILMN_2338268,blue,ABHD11,Etranscript_p
5011,ILMN_2342841,blue,AFTPH,Etranscript_p
5311,ILMN_2358202,blue,SRRT,Etranscript_p
5511,ILMN_2358457,blue,ATF4,Etranscript_p
5611,ILMN_2395451,blue,ASS1,Etranscript_p
2102,ILMN_1656477,turquoise,ARSA,Etranscript_p
4101,ILMN_1658884,turquoise,ATP11B,Etranscript_p
6101,ILMN_1665331,turquoise,AMT,Etranscript_p
8101,ILMN_1680419,turquoise,ASB7,Etranscript_p
1212,ILMN_1698680,turquoise,ARL17A,Etranscript_p
1412,ILMN_1700633,turquoise,ABHD4,Etranscript_p
1512,ILMN_1703471,turquoise,ATF6,Etranscript_p
1612,ILMN_1709820,turquoise,AOAH,Etranscript_p
1712,ILMN_1715181,turquoise,ARRDC2,Etranscript_p
1912,ILMN_1716480,turquoise,ACD,Etranscript_p
2112,ILMN_1718023,turquoise,APEH,Etranscript_p
2312,ILMN_1722102,turquoise,ANAPC11,Etranscript_p
2512,ILMN_1728662,turquoise,ALDH3B1,Etranscript_p
2612,ILMN_1731783,turquoise,ATP1A1,Etranscript_p
2812,ILMN_1758323,turquoise,ACPP,Etranscript_p
3211,ILMN_1770673,turquoise,AKNA,Etranscript_p
3411,ILMN_1793894,turquoise,ANAPC13,Etranscript_p
3511,ILMN_1794707,turquoise,ATHL1,Etranscript_p
3611,ILMN_1798679,turquoise,ANO9,Etranscript_p
3811,ILMN_2115218,turquoise,ANKRD10,Etranscript_p
3911,ILMN_2129015,turquoise,AFF1,Etranscript_p
4011,ILMN_2132599,turquoise,ANKRD22,Etranscript_p
4311,ILMN_2221408,turquoise,ARFGEF1,Etranscript_p
4511,ILMN_2325337,turquoise,APOL2,Etranscript_p
4611,ILMN_2328280,turquoise,ACTL6A,Etranscript_p
4811,ILMN_2332558,turquoise,ARL5A,Etranscript_p
5111,ILMN_2343563,turquoise,ANAPC11,Etranscript_p
5211,ILMN_2347314,turquoise,ARNT,Etranscript_p
5411,ILMN_2358457,turquoise,ATF4,Etranscript_p
5711,ILMN_2395451,turquoise,ASS1,Etranscript_p
5811,ILMN_2403446,turquoise,ABHD2,Etranscript_p